condition,target,kind,method,depth_m,tilt_deg,median_predicted_trace,median_empirical_trace,median_empirical_predicted_trace_ratio,median_predicted_scatter
run_c2835a74eff3_J09c003,depth10_tilt0,plane,GH_LOCAL,10,0,0.00586196094139963,0.00752254361457565,1.24734211268707,0.0765634438971996
run_c2835a74eff3_J09c003,depth10_tilt0,plane,GH_FULL,10,0,0.00650017827391861,0.00644055889391141,0.986190573979654,0.0806236830833138
run_c2835a74eff3_J09c003,depth10_tilt0,image,GH_LOCAL,10,0,686.691805810394,849.405547124745,1.24748732925073,26.2048050137832
run_c2835a74eff3_J09c003,depth10_tilt0,image,GH_FULL,10,0,742.829710368711,727.38506060128,0.98455927229407,27.2549025015448
run_c2835a74eff3_J09c003,depth20_tilt0,plane,GH_LOCAL,20,0,7.48090823472573e-05,0.000478401279579501,6.43053304830945,0.00864922437836234
run_c2835a74eff3_J09c003,depth20_tilt0,plane,GH_FULL,20,0,0.000385255789381639,0.000390092521731718,1.01020551023909,0.019627933905066
run_c2835a74eff3_J09c003,depth20_tilt0,image,GH_LOCAL,20,0,2.1291584711832,13.8359389522176,6.42829366022799,1.45916362042891
run_c2835a74eff3_J09c003,depth20_tilt0,image,GH_FULL,20,0,11.1133355294506,11.2503281061783,1.01014393013459,3.3336669793863
run_c2835a74eff3_J09c003,depth40_tilt0,plane,GH_LOCAL,40,0,0.0226433353442601,0.0293180827776948,1.26818135137532,0.150477025968286
run_c2835a74eff3_J09c003,depth40_tilt0,plane,GH_FULL,40,0,0.0245522527817592,0.0243032237592045,0.990235256038362,0.156691584910483
run_c2835a74eff3_J09c003,depth40_tilt0,image,GH_LOCAL,40,0,166.850990486077,208.176858228228,1.26898071652059,12.9170813454928
run_c2835a74eff3_J09c003,depth40_tilt0,image,GH_FULL,40,0,180.046597848973,179.235434642925,0.98966139193404,13.4181443519204
run_c2835a74eff3_J09c003,depth20_tilt60,plane,GH_LOCAL,20,60,0.00188062727193264,0.00276490019226877,1.68093724984439,0.0433661996482588
run_c2835a74eff3_J09c003,depth20_tilt60,plane,GH_FULL,20,60,0.00242118531191087,0.00234641910681837,0.987318697585124,0.0492055414756394
run_c2835a74eff3_J09c003,depth20_tilt60,image,GH_LOCAL,20,60,17.0838058752851,29.2389531139823,1.71150113314516,4.13325608634223
run_c2835a74eff3_J09c003,depth20_tilt60,image,GH_FULL,20,60,26.630217847699,26.0069173484623,0.985421654617611,5.16044744646227
run_c2835a74eff3_J09c003,depth20_tilt75,plane,GH_LOCAL,20,75,0.0097326971838906,0.0133363271730234,1.40672097610607,0.0986544331689692
run_c2835a74eff3_J09c003,depth20_tilt75,plane,GH_FULL,20,75,0.0113372835669668,0.0109985757588727,0.969695322494835,0.106476680860021
run_c2835a74eff3_J09c003,depth20_tilt75,image,GH_LOCAL,20,75,64.2971386518177,89.9951180369255,1.39362291218079,8.01854966012044
run_c2835a74eff3_J09c003,depth20_tilt75,image,GH_FULL,20,75,79.8327416142563,77.5238487149571,0.978644575767323,8.93491698977983
run_c2835a74eff3_J09c005,depth10_tilt0,plane,GH_LOCAL,10,0,0.116968393466366,0.202455665100731,1.94277017540839,0.342006423136125
run_c2835a74eff3_J09c005,depth10_tilt0,plane,GH_FULL,10,0,0.138598065433205,0.133155340182992,0.991307554843074,0.372287611173412
run_c2835a74eff3_J09c005,depth10_tilt0,image,GH_LOCAL,10,0,15422.9852123553,25408.8248184326,1.88277480547664,124.189311989218
run_c2835a74eff3_J09c005,depth10_tilt0,image,GH_FULL,10,0,17287.2942150583,16472.7182952963,0.969084941324061,131.481155360981
run_c2835a74eff3_J09c005,depth20_tilt0,plane,GH_LOCAL,20,0,0.000123108556037837,0.000578820650121489,5.75522732528337,0.0110954295111923
run_c2835a74eff3_J09c005,depth20_tilt0,plane,GH_FULL,20,0,0.000432983269438864,0.0004415934250857,1.01603212637244,0.0208082500330725
run_c2835a74eff3_J09c005,depth20_tilt0,image,GH_LOCAL,20,0,3.45989784148491,17.1019843105017,5.75277024679354,1.86008006319215
run_c2835a74eff3_J09c005,depth20_tilt0,image,GH_FULL,20,0,12.3972413582813,12.5874751232836,1.01603798897689,3.52097164974121
run_c2835a74eff3_J09c005,depth40_tilt0,plane,GH_LOCAL,40,0,0.450612865134693,0.77667415113921,1.92202841842118,0.671277040524025
run_c2835a74eff3_J09c005,depth40_tilt0,plane,GH_FULL,40,0,0.536552042149499,0.517039421257569,0.988666830629517,0.732497127741467
run_c2835a74eff3_J09c005,depth40_tilt0,image,GH_LOCAL,40,0,3170.33236045139,5504.6960537759,1.93538665055923,56.3057045107455
run_c2835a74eff3_J09c005,depth40_tilt0,image,GH_FULL,40,0,3774.17511836815,3634.0593437642,0.995765831480147,61.4343154789581
run_c2835a74eff3_J09c005,depth20_tilt60,plane,GH_LOCAL,20,60,0.0184311601054329,0.0404173461335626,2.77943587679645,0.135761408748705
run_c2835a74eff3_J09c005,depth20_tilt60,plane,GH_FULL,20,60,0.0231332667853547,0.0233651986866086,1.00798721028034,0.152096241851515
run_c2835a74eff3_J09c005,depth20_tilt60,image,GH_LOCAL,20,60,172.122735202602,469.638772205997,2.60887764497508,13.1195554498848
run_c2835a74eff3_J09c005,depth20_tilt60,image,GH_FULL,20,60,234.761360846411,230.930977658901,1.0122646828516,15.3219241887699
run_c2835a74eff3_J09c005,depth20_tilt75,plane,GH_LOCAL,20,75,0.157083528743766,0.444698231928378,2.83553587813437,0.396337644873365
run_c2835a74eff3_J09c005,depth20_tilt75,plane,GH_FULL,20,75,0.21158174081509,0.202020103843892,0.963722099145263,0.459980152631709
run_c2835a74eff3_J09c005,depth20_tilt75,image,GH_LOCAL,20,75,706.716293059502,1890.47483112881,2.52690958715604,26.5841361164794
run_c2835a74eff3_J09c005,depth20_tilt75,image,GH_FULL,20,75,928.382098243981,905.716150971687,1.01226468285604,30.4693632727036
run_c2835a74eff3_J09c012,depth10_tilt0,plane,GH_LOCAL,10,0,0.00303197392253507,0.00854093154694149,2.84531783845143,0.055063362797191
run_c2835a74eff3_J09c012,depth10_tilt0,plane,GH_FULL,10,0,0.00832969699660625,0.00854093154890732,1.0331921190168,0.0912671737077809
run_c2835a74eff3_J09c012,depth10_tilt0,image,GH_LOCAL,10,0,348.607510280879,999.826969436093,2.85145024189355,18.6710339906733
run_c2835a74eff3_J09c012,depth10_tilt0,image,GH_FULL,10,0,965.808003285405,999.82696957608,1.03321302958142,31.0774516858349
run_c2835a74eff3_J09c012,depth20_tilt0,plane,GH_LOCAL,20,0,3.92094681296584e-05,0.00557246263578472,145.566931639419,0.00626174641211686
run_c2835a74eff3_J09c012,depth20_tilt0,plane,GH_FULL,20,0,0.00536965588779654,0.0055724626359336,1.0436797372477,0.0732779358865719
run_c2835a74eff3_J09c012,depth20_tilt0,image,GH_LOCAL,20,0,1.1117251066556,161.280178002839,146.073493267056,1.05438375682462
run_c2835a74eff3_J09c012,depth20_tilt0,image,GH_FULL,20,0,155.291992192764,161.280178007114,1.04446171742015,12.461620769096
run_c2835a74eff3_J09c012,depth40_tilt0,plane,GH_LOCAL,40,0,0.0114539956548519,0.0170129443007951,1.49956395380188,0.107023341635607
run_c2835a74eff3_J09c012,depth40_tilt0,plane,GH_FULL,40,0,0.0167819430993189,0.0170129443112904,1.02212004451503,0.129545139234627
run_c2835a74eff3_J09c012,depth40_tilt0,image,GH_LOCAL,40,0,82.3163653927219,123.451519133091,1.5046610109973,9.07283667838906
run_c2835a74eff3_J09c012,depth40_tilt0,image,GH_FULL,40,0,120.917853164312,123.45151916713,1.0224265189006,10.9962654189644
run_c2835a74eff3_J09c012,depth20_tilt60,plane,GH_LOCAL,20,60,0.000712238260958857,0.0133751170440051,22.6814576357292,0.0266877923582835
run_c2835a74eff3_J09c012,depth20_tilt60,plane,GH_FULL,20,60,0.0126147592177232,0.0133751170440397,1.05376300388778,0.112315445143236
run_c2835a74eff3_J09c012,depth20_tilt60,image,GH_LOCAL,20,60,9.5987468263354,160.842140295148,22.9665123093447,3.09818444033524
run_c2835a74eff3_J09c012,depth20_tilt60,image,GH_FULL,20,60,154.048748544314,160.842140295996,1.04246728689185,12.4116376254028
run_c2835a74eff3_J09c012,depth20_tilt75,plane,GH_LOCAL,20,75,0.00601157998091949,0.0428652267529708,4.04346931427759,0.0775343793482574
run_c2835a74eff3_J09c012,depth20_tilt75,plane,GH_FULL,20,75,0.0402306962733677,0.042865226752564,1.05099618271053,0.200575911498285
run_c2835a74eff3_J09c012,depth20_tilt75,image,GH_LOCAL,20,75,35.11972172242,160.842140295148,4.24594038294672,5.92618947743151
run_c2835a74eff3_J09c012,depth20_tilt75,image,GH_FULL,20,75,154.048748544314,160.842140295996,1.0387159504539,12.4116376254028
