condition,role,method,regime,geometry_id,n_control,depth_spread,N,N_fit_valid,N_covariance_valid,log_hits,direct_hits,log_conditional_pct,direct_conditional_pct,log_operational_pct,direct_operational_pct,delta_conditional_pp,delta_operational_pp,log_conditional_Wilson_low_pct,log_conditional_Wilson_high_pct,direct_conditional_Wilson_low_pct,direct_conditional_Wilson_high_pct,both,log_only,direct_only,neither_valid,invalid_as_uncovered,log_NEES_reproduction_error,direct_congruence_error
run_c2835a74eff3_J09c003,Reference,GH_LOCAL,0,0,30,0.15,2000,2000,2000,167,172,8.35,8.6,8.35,8.6,0.25,0.25,7.21598819991507,9.6437018386133,7.44925406803892,9.90947744684882,165,2,7,1826,0,5.5751589620754e-13,3.78511348463014e-13
run_c2835a74eff3_J09c003,Reference,GH_FULL,0,0,30,0.15,2000,2000,2000,1894,1894,94.7,94.7,94.7,94.7,0,0,93.6296616936357,95.5989542794203,93.6296616936357,95.5989542794203,1890,4,4,102,0,8.26878812540594e-14,1.8637042117036e-13
run_c2835a74eff3_J09c005,Narrow reference,GH_FULL,0,0,30,0.02,2000,2000,2000,1188,1734,59.4,86.7,59.4,86.7,27.3,27.3,57.2317349707536,61.5322245403588,85.141183311914,88.118105417642,1184,4,550,262,0,6.16603593628071e-12,4.04448928481928e-12
run_c2835a74eff3_J09c012,Global 60,GH_LOCAL,0,0,60,0.15,2000,2000,2000,8,9,0.4,0.45,0.4,0.45,0.05,0.05,0.202824660696517,0.787346429603774,0.236928063696183,0.853051321875982,8,0,1,1991,0,7.6446583744923e-13,3.74271958933399e-13
run_c2835a74eff3_J10c014,Narrow noise sweep,GH_FULL,0,3,30,0.02,2000,2000,2000,988,1661,49.4,83.05,49.4,83.05,33.65,33.65,47.2121026297231,51.5901978270144,81.342671711215,84.6306114634942,984,4,677,335,0,1.29325596172669e-11,4.43546391574945e-12
run_c2835a74eff3_J11c002,Omitted global,omit_global,0,1,30,0.15,2000,2000,2000,248,244,12.4,12.2,12.4,12.2,-0.2,-0.2,11.0272387351253,13.9169232204249,10.8376419406535,13.7072868338092,243,5,1,1751,0,1.14781104355078e-13,1.27336916167487e-13
run_c2835a74eff3_J12c001,Population,GH_FULL,1,1,30,0.15,200,200,200,184,186,92,93,92,93,1,1,87.4010511732856,95.015941411024,88.5945191143894,95.7847828171657,183,1,3,13,0,5.39389055978775e-14,5.47516265563595e-14
run_c2835a74eff3_J12c002,Population,GH_FULL,2,1,30,0.05,200,200,200,173,187,86.5,93.5,86.5,93.5,7,7,81.0708616292474,90.5534295452121,89.1980920700931,96.1623645350847,173,0,14,13,0,4.2076998817747e-13,2.47070815506757e-13
run_c2835a74eff3_J12c003,Population,GH_FULL,3,1,30,0.02,200,200,200,101,175,50.5,87.5,50.5,87.5,37,37,43.6270000335275,57.3541546400953,82.1985749974177,91.3880255242874,101,0,74,25,0,6.76428521445401e-12,2.65261783452744e-12
run_c2835a74eff3_J12c004,Population,GH_FULL,4,1,13,0.15,200,200,200,170,178,85,89,85,89,4,4,79.3944207158333,89.286406437758,83.9073090026985,92.6227555398747,169,1,9,21,0,4.44139271102372e-13,1.6713696227958e-13
run_c2835a74eff3_J12c005,Population,GH_FULL,1,2,30,0.15,200,200,200,188,188,94,94,94,94,0,0,89.8068307042337,96.5347805745668,89.8068307042337,96.5347805745668,187,1,1,11,0,4.86689271569221e-14,8.96796210286786e-14
run_c2835a74eff3_J12c006,Population,GH_FULL,2,2,30,0.05,200,200,200,178,189,89,94.5,89,94.5,5.5,5.5,83.9073090026985,92.6227555398747,90.4213001227691,96.9014658296541,177,1,12,10,0,2.86569917525334e-13,1.98420769849891e-13
run_c2835a74eff3_J12c007,Population,GH_FULL,3,2,30,0.02,200,200,200,121,174,60.5,87,60.5,87,26.5,26.5,53.5883491592854,67.015898986792,81.6336481277516,90.9717977203307,121,0,53,26,0,2.97553518814994e-12,9.55228402542534e-13
run_c2835a74eff3_J12c008,Population,GH_FULL,4,2,13,0.15,200,200,200,185,187,92.5,93.5,92.5,93.5,1,1,87.9956389763705,95.4025082815618,89.1980920700931,96.1623645350847,185,0,2,13,0,1.04929170441174e-13,8.87495327912896e-14
run_c2835a74eff3_J12c009,Population,GH_FULL,1,3,30,0.15,200,200,200,185,185,92.5,92.5,92.5,92.5,0,0,87.9956389763705,95.4025082815618,87.9956389763705,95.4025082815618,184,1,1,14,0,1.565384950587e-13,1.438843526954e-13
run_c2835a74eff3_J12c010,Population,GH_FULL,2,3,30,0.05,200,200,200,139,176,69.5,88,69.5,88,18.5,18.5,62.8014479020216,75.463584369265,82.7657479017033,91.8020072936245,139,0,37,24,0,1.78240027287924e-12,9.31343898520711e-13
run_c2835a74eff3_J12c011,Population,GH_FULL,3,3,30,0.02,200,200,200,63,134,31.5,67,31.5,67,35.5,35.5,25.4623209902285,38.2349560857304,60.2166847737769,73.1425741293961,63,0,71,66,0,3.40136319994948e-11,6.69449417941512e-12
run_c2835a74eff3_J12c012,Population,GH_FULL,4,3,13,0.15,200,200,200,165,172,82.5,86,82.5,86,3.5,3.5,76.635568851751,87.1394849337267,80.5101191342924,90.1330173665444,165,0,7,28,0,4.69870541859077e-13,1.79914190622204e-13
run_c2835a74eff3_J12c013,Population,GH_FULL,1,4,30,0.15,200,200,200,192,192,96,96,96,96,0,0,92.3067931799067,97.9594367933848,92.3067931799067,97.9594367933848,192,0,0,8,0,3.08727848135326e-14,7.70927805183481e-14
run_c2835a74eff3_J12c014,Population,GH_FULL,2,4,30,0.05,200,200,200,186,191,93,95.5,93,95.5,2.5,2.5,88.5945191143894,95.7847828171657,91.670329599818,97.6147456998507,185,1,6,8,0,2.48163393171034e-13,1.85448074043337e-13
run_c2835a74eff3_J12c015,Population,GH_FULL,3,4,30,0.02,200,200,200,134,181,67,90.5,67,90.5,23.5,23.5,60.2166847737769,73.1425741293961,85.6398388351801,93.8336897282613,133,1,48,18,0,3.11282030248373e-12,7.56204803737197e-13
run_c2835a74eff3_J12c016,Population,GH_FULL,4,4,13,0.15,200,200,200,193,192,96.5,96,96.5,96,-0.5,-0.5,92.9529388477709,98.2944457991433,92.3067931799067,97.9594367933848,190,3,2,5,0,1.46322973857615e-13,1.10181924812171e-13
run_c2835a74eff3_J12c017,Population,GH_FULL,1,5,30,0.15,200,200,200,183,184,91.5,92,91.5,92,0.5,0.5,86.8104129284344,94.6254249822524,87.4010511732856,95.015941411024,183,0,1,16,0,8.35893542014278e-14,1.16701506135035e-13
run_c2835a74eff3_J12c018,Population,GH_FULL,2,5,30,0.05,200,200,200,171,182,85.5,91,85.5,91,5.5,5.5,79.9513324692185,89.7106493579956,86.2234281232835,94.2312551137807,171,0,11,18,0,8.69023019100276e-13,3.94663117741984e-13
run_c2835a74eff3_J12c019,Population,GH_FULL,3,5,30,0.02,200,200,200,104,172,52,86,52,86,34,34,45.1037850728142,58.8208336216767,80.5101191342924,90.1330173665444,104,0,68,28,0,6.75901149181334e-12,3.57495646747212e-12
run_c2835a74eff3_J12c020,Population,GH_FULL,4,5,13,0.15,200,200,200,191,195,95.5,97.5,95.5,97.5,2,2,91.670329599818,97.6147456998507,94.2821659593358,98.9275280348239,191,0,4,5,0,1.50856212985128e-13,1.04454492461247e-13
run_c2835a74eff3_J12c021,Population,GH_FULL,1,6,30,0.15,200,200,200,190,190,95,95,95,95,0,0,91.0421851861224,97.2617354399236,91.0421851861224,97.2617354399236,190,0,0,10,0,3.66940339243273e-14,1.15464005980177e-13
run_c2835a74eff3_J12c022,Population,GH_FULL,2,6,30,0.05,200,200,200,173,185,86.5,92.5,86.5,92.5,6,6,81.0708616292474,90.5534295452121,87.9956389763705,95.4025082815618,173,0,12,15,0,3.02669431926137e-13,3.97674744226829e-13
run_c2835a74eff3_J12c023,Population,GH_FULL,3,6,30,0.02,200,200,200,112,174,56,87,56,87,31,31,49.0716753346587,62.7021807488141,81.6336481277516,90.9717977203307,112,0,62,26,0,5.47913441939331e-12,2.01036112243027e-12
run_c2835a74eff3_J12c024,Population,GH_FULL,4,6,13,0.15,200,200,200,189,191,94.5,95.5,94.5,95.5,1,1,90.4213001227691,96.9014658296541,91.670329599818,97.6147456998507,189,0,2,9,0,2.12738792653533e-13,1.84868358026237e-13
run_c2835a74eff3_J12c025,Population,GH_FULL,1,7,30,0.15,200,200,200,193,192,96.5,96,96.5,96,-0.5,-0.5,92.9529388477709,98.2944457991433,92.3067931799067,97.9594367933848,192,1,0,7,0,4.70916373344334e-14,1.38177633807457e-13
run_c2835a74eff3_J12c026,Population,GH_FULL,2,7,30,0.05,200,200,200,175,188,87.5,94,87.5,94,6.5,6.5,82.1985749974177,91.3880255242874,89.8068307042337,96.5347805745668,174,1,14,11,0,5.73857038159081e-13,3.30716860149408e-13
run_c2835a74eff3_J12c027,Population,GH_FULL,3,7,30,0.02,200,200,200,126,182,63,91,63,91,28,28,56.1226299240502,69.3873915901409,86.2234281232835,94.2312551137807,126,0,56,18,0,5.03867449111831e-12,1.74936669043922e-12
run_c2835a74eff3_J12c028,Population,GH_FULL,4,7,13,0.15,200,200,200,187,190,93.5,95,93.5,95,1.5,1.5,89.1980920700931,96.1623645350847,91.0421851861224,97.2617354399236,186,1,4,9,0,2.13327329292295e-13,7.99338569195948e-14
run_c2835a74eff3_J12c029,Population,GH_FULL,1,8,30,0.15,200,200,200,195,194,97.5,97,97.5,97,-0.5,-0.5,94.2821659593358,98.9275280348239,93.6105707545481,98.6179685659889,194,1,0,5,0,4.07029295136291e-14,1.30621882407606e-13
run_c2835a74eff3_J12c030,Population,GH_FULL,2,8,30,0.05,200,200,200,183,192,91.5,96,91.5,96,4.5,4.5,86.8104129284344,94.6254249822524,92.3067931799067,97.9594367933848,181,2,11,6,0,4.97573364015876e-13,4.65670202849642e-13
run_c2835a74eff3_J12c031,Population,GH_FULL,3,8,30,0.02,200,200,200,135,178,67.5,89,67.5,89,21.5,21.5,60.73198511603,73.6084284607657,83.9073090026985,92.6227555398747,135,0,43,22,0,3.06086557753647e-12,1.45475485446163e-12
run_c2835a74eff3_J12c032,Population,GH_FULL,4,8,13,0.15,200,200,200,192,192,96,96,96,96,0,0,92.3067931799067,97.9594367933848,92.3067931799067,97.9594367933848,192,0,0,8,0,1.22842915803387e-13,8.1000944139791e-14
run_c2835a74eff3_J12c033,Population,GH_FULL,1,9,30,0.15,200,200,200,193,194,96.5,97,96.5,97,0.5,0.5,92.9529388477709,98.2944457991433,93.6105707545481,98.6179685659889,193,0,1,6,0,5.14016910969088e-14,1.08348692809265e-13
run_c2835a74eff3_J12c034,Population,GH_FULL,2,9,30,0.05,200,200,200,176,191,88,95.5,88,95.5,7.5,7.5,82.7657479017033,91.8020072936245,91.670329599818,97.6147456998507,174,2,17,7,0,3.67954124195219e-13,3.13054146230935e-13
run_c2835a74eff3_J12c035,Population,GH_FULL,3,9,30,0.02,200,200,200,117,174,58.5,87,58.5,87,28.5,28.5,51.573914901344,65.1057145502424,81.6336481277516,90.9717977203307,115,2,59,24,0,7.41651550289122e-12,1.53973598424985e-12
run_c2835a74eff3_J12c036,Population,GH_FULL,4,9,13,0.15,200,200,200,186,189,93,94.5,93,94.5,1.5,1.5,88.5945191143894,95.7847828171657,90.4213001227691,96.9014658296541,185,1,4,10,0,1.32592585045151e-13,8.74384652261077e-14
run_c2835a74eff3_J12c037,Population,GH_FULL,1,10,30,0.15,200,200,200,183,183,91.5,91.5,91.5,91.5,0,0,86.8104129284344,94.6254249822524,86.8104129284344,94.6254249822524,183,0,0,17,0,4.5356482116444e-14,1.07023059195597e-13
run_c2835a74eff3_J12c038,Population,GH_FULL,2,10,30,0.05,200,200,200,177,182,88.5,91,88.5,91,2.5,2.5,83.3352831015124,92.213626767438,86.2234281232835,94.2312551137807,176,1,6,17,0,4.04315127303863e-13,2.17170219788941e-13
run_c2835a74eff3_J12c039,Population,GH_FULL,3,10,30,0.02,200,200,200,116,176,58,88,58,88,30,30,51.0720739395805,64.6264008383833,82.7657479017033,91.8020072936245,116,0,60,24,0,4.20789848883588e-12,1.91591983829107e-12
run_c2835a74eff3_J12c040,Population,GH_FULL,4,10,13,0.15,200,200,200,186,187,93,93.5,93,93.5,0.5,0.5,88.5945191143894,95.7847828171657,89.1980920700931,96.1623645350847,186,0,1,13,0,8.14306004577604e-14,7.06929171957628e-14
run_c2835a74eff3_J12c041,Population,GH_FULL,1,11,30,0.15,200,200,200,189,189,94.5,94.5,94.5,94.5,0,0,90.4213001227691,96.9014658296541,90.4213001227691,96.9014658296541,188,1,1,10,0,6.28396474428559e-14,9.5421249029909e-14
run_c2835a74eff3_J12c042,Population,GH_FULL,2,11,30,0.05,200,200,200,175,186,87.5,93,87.5,93,5.5,5.5,82.1985749974177,91.3880255242874,88.5945191143894,95.7847828171657,173,2,13,12,0,3.19984638997519e-13,2.1675462031889e-13
run_c2835a74eff3_J12c043,Population,GH_FULL,3,11,30,0.02,200,200,200,108,156,54,78,54,78,24,24,47.0822891889533,60.7669482000285,71.7612000817063,83.1834616411667,107,1,49,43,0,3.66659795636188e-12,1.26863055546971e-12
run_c2835a74eff3_J12c044,Population,GH_FULL,4,11,13,0.15,200,200,200,188,190,94,95,94,95,1,1,89.8068307042337,96.5347805745668,91.0421851861224,97.2617354399236,188,0,2,10,0,1.71290813861068e-13,1.37944291531782e-13
run_c2835a74eff3_J12c045,Population,GH_FULL,1,12,30,0.15,200,200,200,192,192,96,96,96,96,0,0,92.3067931799067,97.9594367933848,92.3067931799067,97.9594367933848,192,0,0,8,0,3.20273311284399e-14,7.81156630765232e-14
run_c2835a74eff3_J12c046,Population,GH_FULL,2,12,30,0.05,200,200,200,173,188,86.5,94,86.5,94,7.5,7.5,81.0708616292474,90.5534295452121,89.8068307042337,96.5347805745668,171,2,17,10,0,4.79411815928957e-13,4.35141939243471e-13
run_c2835a74eff3_J12c047,Population,GH_FULL,3,12,30,0.02,200,200,200,97,165,48.5,82.5,48.5,82.5,34,34,41.6673851718775,55.3891508072543,76.635568851751,87.1394849337267,95,2,70,33,0,4.30044973242078e-12,1.46685495143712e-12
run_c2835a74eff3_J12c048,Population,GH_FULL,4,12,13,0.15,200,200,200,190,190,95,95,95,95,0,0,91.0421851861224,97.2617354399236,91.0421851861224,97.2617354399236,190,0,0,10,0,9.57537987412715e-14,6.80616255656418e-14
run_c2835a74eff3_J12c049,Population,GH_FULL,1,13,30,0.15,200,200,200,186,185,93,92.5,93,92.5,-0.5,-0.5,88.5945191143894,95.7847828171657,87.9956389763705,95.4025082815618,185,1,0,14,0,4.23646208907813e-14,1.18507424478536e-13
run_c2835a74eff3_J12c050,Population,GH_FULL,2,13,30,0.05,200,200,200,178,185,89,92.5,89,92.5,3.5,3.5,83.9073090026985,92.6227555398747,87.9956389763705,95.4025082815618,174,4,11,11,0,4.82077857370344e-13,3.19784536348008e-13
run_c2835a74eff3_J12c051,Population,GH_FULL,3,13,30,0.02,200,200,200,115,171,57.5,85.5,57.5,85.5,28,28,50.5709326478548,64.1463874564861,79.9513324692185,89.7106493579956,114,1,57,28,0,6.0922754567563e-12,1.98663236189118e-12
run_c2835a74eff3_J12c052,Population,GH_FULL,4,13,13,0.15,200,200,200,174,178,87,89,87,89,2,2,81.6336481277516,90.9717977203307,83.9073090026985,92.6227555398747,172,2,6,20,0,3.27570869072329e-13,1.11327886122757e-13
run_c2835a74eff3_J12c053,Population,GH_FULL,1,14,30,0.15,200,200,200,192,191,96,95.5,96,95.5,-0.5,-0.5,92.3067931799067,97.9594367933848,91.670329599818,97.6147456998507,191,1,0,8,0,4.96757609201585e-14,1.03549142749771e-13
run_c2835a74eff3_J12c054,Population,GH_FULL,2,14,30,0.05,200,200,200,174,190,87,95,87,95,8,8,81.6336481277516,90.9717977203307,91.0421851861224,97.2617354399236,174,0,16,10,0,7.07687108987755e-13,3.59236820901031e-13
run_c2835a74eff3_J12c055,Population,GH_FULL,3,14,30,0.02,200,200,200,115,167,57.5,83.5,57.5,83.5,26,26,50.5709326478548,64.1463874564861,77.7342184609405,88.0031446717827,114,1,53,32,0,4.45940105537133e-12,2.99271374105802e-12
run_c2835a74eff3_J12c056,Population,GH_FULL,4,14,13,0.15,200,200,200,189,192,94.5,96,94.5,96,1.5,1.5,90.4213001227691,96.9014658296541,92.3067931799067,97.9594367933848,189,0,3,8,0,1.74415749973378e-13,2.14156877429008e-13
run_c2835a74eff3_J12c057,Population,GH_FULL,1,15,30,0.15,200,200,200,191,191,95.5,95.5,95.5,95.5,0,0,91.670329599818,97.6147456998507,91.670329599818,97.6147456998507,190,1,1,8,0,4.79402113232316e-14,8.5252150055226e-14
run_c2835a74eff3_J12c058,Population,GH_FULL,2,15,30,0.05,200,200,200,181,190,90.5,95,90.5,95,4.5,4.5,85.6398388351801,93.8336897282613,91.0421851861224,97.2617354399236,180,1,10,9,0,4.26637014817019e-13,2.44229065006634e-13
run_c2835a74eff3_J12c059,Population,GH_FULL,3,15,30,0.02,200,200,200,119,181,59.5,90.5,59.5,90.5,31,31,52.5797100813387,66.0622287174932,85.6398388351801,93.8336897282613,118,1,63,18,0,3.26325485019189e-12,9.37124336146492e-13
run_c2835a74eff3_J12c060,Population,GH_FULL,4,15,13,0.15,200,200,200,188,191,94,95.5,94,95.5,1.5,1.5,89.8068307042337,96.5347805745668,91.670329599818,97.6147456998507,187,1,4,8,0,9.55960900547446e-14,7.83847201696019e-14
run_c2835a74eff3_J12c061,Population,GH_FULL,1,16,30,0.15,200,200,200,185,187,92.5,93.5,92.5,93.5,1,1,87.9956389763705,95.4025082815618,89.1980920700931,96.1623645350847,185,0,2,13,0,6.87424556849231e-14,1.19514908848377e-13
run_c2835a74eff3_J12c062,Population,GH_FULL,2,16,30,0.05,200,200,200,165,184,82.5,92,82.5,92,9.5,9.5,76.635568851751,87.1394849337267,87.4010511732856,95.015941411024,165,0,19,16,0,5.99628627141697e-13,2.80158304411316e-13
run_c2835a74eff3_J12c063,Population,GH_FULL,3,16,30,0.02,200,200,200,85,164,42.5,82,42.5,82,39.5,39.5,35.8536125435139,49.4290673521451,76.0885249712751,86.7053741405798,85,0,79,36,0,7.83670106072483e-12,2.58908886873164e-12
run_c2835a74eff3_J12c064,Population,GH_FULL,4,16,13,0.15,200,200,200,180,188,90,94,90,94,4,4,85.0594187567282,93.4329551330904,89.8068307042337,96.5347805745668,180,0,8,12,0,1.34718533226253e-13,2.01439535850109e-13
run_c2835a74eff3_J12c065,Population,GH_FULL,1,17,30,0.15,200,200,200,189,190,94.5,95,94.5,95,0.5,0.5,90.4213001227691,96.9014658296541,91.0421851861224,97.2617354399236,189,0,1,10,0,2.76775902124278e-14,1.36163825303252e-13
run_c2835a74eff3_J12c066,Population,GH_FULL,2,17,30,0.05,200,200,200,184,191,92,95.5,92,95.5,3.5,3.5,87.4010511732856,95.015941411024,91.670329599818,97.6147456998507,184,0,7,9,0,3.43341480881487e-13,2.12149308501261e-13
run_c2835a74eff3_J12c067,Population,GH_FULL,3,17,30,0.02,200,200,200,136,180,68,90,68,90,22,22,61.2481015658865,74.073466684532,85.0594187567282,93.4329551330904,135,1,45,19,0,3.50981265718838e-12,2.07128981081553e-12
run_c2835a74eff3_J12c068,Population,GH_FULL,4,17,13,0.15,200,200,200,189,193,94.5,96.5,94.5,96.5,2,2,90.4213001227691,96.9014658296541,92.9529388477709,98.2944457991433,189,0,4,7,0,1.23694511531088e-13,9.72559118463416e-14
run_c2835a74eff3_J12c069,Population,GH_FULL,1,18,30,0.15,200,200,200,188,188,94,94,94,94,0,0,89.8068307042337,96.5347805745668,89.8068307042337,96.5347805745668,187,1,1,11,0,5.56661408302614e-14,1.08989193482949e-13
run_c2835a74eff3_J12c070,Population,GH_FULL,2,18,30,0.05,200,200,200,175,184,87.5,92,87.5,92,4.5,4.5,82.1985749974177,91.3880255242874,87.4010511732856,95.015941411024,175,0,9,16,0,4.3400120888971e-13,2.73632187791498e-13
run_c2835a74eff3_J12c071,Population,GH_FULL,3,18,30,0.02,200,200,200,115,175,57.5,87.5,57.5,87.5,30,30,50.5709326478548,64.1463874564861,82.1985749974177,91.3880255242874,115,0,60,25,0,7.29999801040852e-12,2.20110749844965e-12
run_c2835a74eff3_J12c072,Population,GH_FULL,4,18,13,0.15,200,200,200,191,194,95.5,97,95.5,97,1.5,1.5,91.670329599818,97.6147456998507,93.6105707545481,98.6179685659889,191,0,3,6,0,8.69921287521306e-14,1.08673135209247e-13
run_c2835a74eff3_J12c073,Population,GH_FULL,1,19,30,0.15,200,200,200,186,186,93,93,93,93,0,0,88.5945191143894,95.7847828171657,88.5945191143894,95.7847828171657,185,1,1,13,0,5.52297463807627e-14,1.18991724907474e-13
run_c2835a74eff3_J12c074,Population,GH_FULL,2,19,30,0.05,200,200,200,169,187,84.5,93.5,84.5,93.5,9,9,78.8393094076579,88.8603630723107,89.1980920700931,96.1623645350847,169,0,18,13,0,6.64593468844079e-13,3.53519560410953e-13
run_c2835a74eff3_J12c075,Population,GH_FULL,3,19,30,0.02,200,200,200,97,162,48.5,81,48.5,81,32.5,32.5,41.6673851718775,55.3891508072543,74.9987612924001,85.8328284722093,96,1,66,37,0,7.43889658432009e-12,3.03346548511573e-12
run_c2835a74eff3_J12c076,Population,GH_FULL,4,19,13,0.15,200,200,200,185,188,92.5,94,92.5,94,1.5,1.5,87.9956389763705,95.4025082815618,89.8068307042337,96.5347805745668,185,0,3,12,0,1.63055256708437e-13,1.57995910685355e-13
run_c2835a74eff3_J12c077,Population,GH_FULL,1,20,30,0.15,200,200,200,188,187,94,93.5,94,93.5,-0.5,-0.5,89.8068307042337,96.5347805745668,89.1980920700931,96.1623645350847,187,1,0,12,0,5.50083236543605e-14,1.45482214776734e-13
run_c2835a74eff3_J12c078,Population,GH_FULL,2,20,30,0.05,200,200,200,188,189,94,94.5,94,94.5,0.5,0.5,89.8068307042337,96.5347805745668,90.4213001227691,96.9014658296541,187,1,2,10,0,4.69852296661449e-13,2.0246840092261e-13
run_c2835a74eff3_J12c079,Population,GH_FULL,3,20,30,0.02,200,200,200,122,183,61,91.5,61,91.5,30.5,30.5,54.0937459571698,67.4916568625304,86.8104129284344,94.6254249822524,120,2,63,15,0,5.00122313632808e-12,1.10380601426641e-12
run_c2835a74eff3_J12c080,Population,GH_FULL,4,20,13,0.15,200,200,200,193,193,96.5,96.5,96.5,96.5,0,0,92.9529388477709,98.2944457991433,92.9529388477709,98.2944457991433,192,1,1,6,0,1.02584801094747e-13,1.08973403915614e-13
