condition,target,kind,method,depth_m,tilt_deg,points,rmse_min,rmse_max,coverage_min,coverage_max,operational_min,operational_max
run_c2835a74eff3_J09c003,depth10_tilt0,plane,GH_LOCAL,10,0,25,0.0772048339345862,0.10831288347668,0.8955,0.9175,0.8955,0.9175
run_c2835a74eff3_J09c003,depth10_tilt0,plane,GH_FULL,10,0,25,0.0705338275129993,0.101258104888576,0.95,0.9605,0.95,0.9605
run_c2835a74eff3_J09c003,depth10_tilt0,image,GH_LOCAL,10,0,25,26.7479995900136,35.2347759360699,0.895,0.917,0.895,0.917
run_c2835a74eff3_J09c003,depth10_tilt0,image,GH_FULL,10,0,25,24.4409037907969,32.9502887566529,0.951,0.96,0.951,0.96
run_c2835a74eff3_J09c003,depth20_tilt0,plane,GH_LOCAL,20,0,25,0.0166948150494257,0.0279319475877157,0.324,0.4035,0.324,0.4035
run_c2835a74eff3_J09c003,depth20_tilt0,plane,GH_FULL,20,0,25,0.0161368509970453,0.0233576468611933,0.9405,0.9535,0.9405,0.9535
run_c2835a74eff3_J09c003,depth20_tilt0,image,GH_LOCAL,20,0,25,2.92149544586194,4.58622811823071,0.324,0.4035,0.324,0.4035
run_c2835a74eff3_J09c003,depth20_tilt0,image,GH_FULL,20,0,25,2.82392545049882,3.83093522031665,0.9405,0.9535,0.9405,0.9535
run_c2835a74eff3_J09c003,depth40_tilt0,plane,GH_LOCAL,40,0,25,0.143769271000501,0.225495472182068,0.894,0.9235,0.894,0.9235
run_c2835a74eff3_J09c003,depth40_tilt0,plane,GH_FULL,40,0,25,0.129949582792838,0.212169442855949,0.95,0.9595,0.95,0.9595
run_c2835a74eff3_J09c003,depth40_tilt0,image,GH_LOCAL,40,0,25,12.4407804475521,18.342843905983,0.8935,0.9225,0.8935,0.9225
run_c2835a74eff3_J09c003,depth40_tilt0,image,GH_FULL,40,0,25,11.2481442709192,17.2360843547165,0.9485,0.959,0.9485,0.959
run_c2835a74eff3_J09c003,depth20_tilt60,plane,GH_LOCAL,20,60,25,0.0263060034081136,0.178701701849908,0.394,0.886,0.394,0.886
run_c2835a74eff3_J09c003,depth20_tilt60,plane,GH_FULL,20,60,25,0.0253549908333177,0.159154557567639,0.944,0.9585,0.944,0.9585
run_c2835a74eff3_J09c003,depth20_tilt60,image,GH_LOCAL,20,60,25,2.92149544586194,9.15650186304589,0.3915,0.8855,0.3915,0.8855
run_c2835a74eff3_J09c003,depth20_tilt60,image,GH_FULL,20,60,25,2.82392545049882,8.47662421799403,0.944,0.9595,0.944,0.9595
run_c2835a74eff3_J09c003,depth20_tilt75,plane,GH_LOCAL,20,75,25,0.0468903020018708,2.74102452839446,0.3945,0.9125,0.3945,0.9125
run_c2835a74eff3_J09c003,depth20_tilt75,plane,GH_FULL,20,75,25,0.0451343920251114,2.44324414897889,0.944,0.9605,0.944,0.9605
run_c2835a74eff3_J09c003,depth20_tilt75,image,GH_LOCAL,20,75,25,2.92149544586194,18.7389571137931,0.3915,0.9125,0.3915,0.9125
run_c2835a74eff3_J09c003,depth20_tilt75,image,GH_FULL,20,75,25,2.82392545049882,17.023954536238,0.944,0.962,0.944,0.962
run_c2835a74eff3_J09c005,depth10_tilt0,plane,GH_LOCAL,10,0,25,0.335001100480127,0.640728074357591,0.7015,0.823,0.7015,0.823
run_c2835a74eff3_J09c005,depth10_tilt0,plane,GH_FULL,10,0,25,0.235719674178106,0.492588957124558,0.939,0.9545,0.939,0.9545
run_c2835a74eff3_J09c005,depth10_tilt0,image,GH_LOCAL,10,0,25,122.096032660437,218.857017266168,0.732,0.8255,0.732,0.8255
run_c2835a74eff3_J09c005,depth10_tilt0,image,GH_FULL,10,0,25,85.1871659833303,165.520673742505,0.934,0.977,0.934,0.977
run_c2835a74eff3_J09c005,depth20_tilt0,plane,GH_LOCAL,20,0,25,0.0226373015784122,0.0294977917434536,0.3375,0.581,0.3375,0.581
run_c2835a74eff3_J09c005,depth20_tilt0,plane,GH_FULL,20,0,25,0.0200559051159198,0.0241195433156644,0.935,0.9545,0.935,0.9545
run_c2835a74eff3_J09c005,depth20_tilt0,image,GH_LOCAL,20,0,25,3.92178498560921,4.85945243021312,0.3375,0.5805,0.3375,0.5805
run_c2835a74eff3_J09c005,depth20_tilt0,image,GH_FULL,20,0,25,3.45911682169605,3.96706246883948,0.935,0.954,0.935,0.954
run_c2835a74eff3_J09c005,depth40_tilt0,plane,GH_LOCAL,40,0,25,0.622522672122207,1.29006251736034,0.7035,0.8255,0.7035,0.8255
run_c2835a74eff3_J09c005,depth40_tilt0,plane,GH_FULL,40,0,25,0.435966193257943,0.991493194112584,0.9365,0.961,0.9365,0.961
run_c2835a74eff3_J09c005,depth40_tilt0,image,GH_LOCAL,40,0,25,53.9351455150299,103.355594460116,0.6875,0.8255,0.6875,0.8255
run_c2835a74eff3_J09c005,depth40_tilt0,image,GH_FULL,40,0,25,37.7945177852188,79.6152412278141,0.9405,0.953,0.9405,0.953
run_c2835a74eff3_J09c005,depth20_tilt60,plane,GH_LOCAL,20,60,25,0.0374386363395324,0.687808982206377,0.5465,0.796,0.5465,0.796
run_c2835a74eff3_J09c005,depth20_tilt60,plane,GH_FULL,20,60,25,0.0317017368273332,0.576140667309703,0.936,0.9575,0.936,0.9575
run_c2835a74eff3_J09c005,depth20_tilt60,image,GH_LOCAL,20,60,25,4.13546505466593,45.4347191177128,0.543,0.7825,0.543,0.7825
run_c2835a74eff3_J09c005,depth20_tilt60,image,GH_FULL,20,60,25,3.51384140992561,31.9182868571188,0.94,0.958,0.94,0.958
run_c2835a74eff3_J09c005,depth20_tilt75,plane,GH_LOCAL,20,75,25,0.0680016351844126,29.9151828119195,0.547,0.7755,0.547,0.7755
run_c2835a74eff3_J09c005,depth20_tilt75,plane,GH_FULL,20,75,25,0.0569839247583176,16.0633638855955,0.9,0.958,0.9,0.958
run_c2835a74eff3_J09c005,depth20_tilt75,image,GH_LOCAL,20,75,25,4.13546505466594,96.714492195381,0.543,0.785,0.543,0.785
run_c2835a74eff3_J09c005,depth20_tilt75,image,GH_FULL,20,75,25,3.51384140992561,67.525132391622,0.9405,0.9575,0.9405,0.9575
run_c2835a74eff3_J09c012,depth10_tilt0,plane,GH_LOCAL,10,0,25,0.0876638747024772,0.101099421822352,0.6015,0.6705,0.6015,0.6705
run_c2835a74eff3_J09c012,depth10_tilt0,plane,GH_FULL,10,0,25,0.0876638747073968,0.101099421809515,0.9415,0.9495,0.9415,0.9495
run_c2835a74eff3_J09c012,depth10_tilt0,image,GH_LOCAL,10,0,25,30.6051826823435,33.1446982261726,0.601,0.6715,0.601,0.6715
run_c2835a74eff3_J09c012,depth10_tilt0,image,GH_FULL,10,0,25,30.6051826856796,33.1446982224506,0.941,0.9495,0.941,0.9495
run_c2835a74eff3_J09c012,depth20_tilt0,plane,GH_LOCAL,20,0,25,0.0724690189460374,0.0781427459071209,0.0155,0.0345,0.0155,0.0345
run_c2835a74eff3_J09c012,depth20_tilt0,plane,GH_FULL,20,0,25,0.0724690189462029,0.0781427459073619,0.937,0.95,0.937,0.95
run_c2835a74eff3_J09c012,depth20_tilt0,image,GH_LOCAL,20,0,25,12.5865361955396,12.8511094166272,0.0155,0.034,0.0155,0.034
run_c2835a74eff3_J09c012,depth20_tilt0,image,GH_FULL,20,0,25,12.5865361955046,12.8511094166554,0.938,0.95,0.938,0.95
run_c2835a74eff3_J09c012,depth40_tilt0,plane,GH_LOCAL,40,0,25,0.114769739588247,0.154543898101459,0.836,0.8855,0.836,0.8855
run_c2835a74eff3_J09c012,depth40_tilt0,plane,GH_FULL,40,0,25,0.114769739612074,0.154543898135489,0.942,0.952,0.942,0.952
run_c2835a74eff3_J09c012,depth40_tilt0,image,GH_LOCAL,40,0,25,10.0420522822487,12.6183204717787,0.8355,0.8875,0.8355,0.8875
run_c2835a74eff3_J09c012,depth40_tilt0,image,GH_FULL,40,0,25,10.0420522843348,12.618320474737,0.943,0.952,0.943,0.952
run_c2835a74eff3_J09c012,depth20_tilt60,plane,GH_LOCAL,20,60,25,0.100886920577614,0.180091019752287,0.015,0.4825,0.015,0.4825
run_c2835a74eff3_J09c012,depth20_tilt60,plane,GH_FULL,20,60,25,0.100886920579573,0.180091019771862,0.9385,0.951,0.9385,0.951
run_c2835a74eff3_J09c012,depth20_tilt60,image,GH_LOCAL,20,60,25,9.99050015293126,17.4215705145528,0.015,0.4805,0.015,0.4805
run_c2835a74eff3_J09c012,depth20_tilt60,image,GH_FULL,20,60,25,9.99050015280295,17.4215705141421,0.938,0.951,0.938,0.951
run_c2835a74eff3_J09c012,depth20_tilt75,plane,GH_LOCAL,20,75,25,0.154647058477344,1.45981460403351,0.015,0.9145,0.015,0.9145
run_c2835a74eff3_J09c012,depth20_tilt75,plane,GH_FULL,20,75,25,0.154647058495586,1.45981460503756,0.9415,0.9515,0.9415,0.9515
run_c2835a74eff3_J09c012,depth20_tilt75,image,GH_LOCAL,20,75,25,9.84167211327601,24.009757498519,0.015,0.9175,0.015,0.9175
run_c2835a74eff3_J09c012,depth20_tilt75,image,GH_FULL,20,75,25,9.84167211373082,24.0097574981163,0.9415,0.9505,0.9415,0.9505
