Geometry,Epsilon,Parameter,Predicted_bias,Empirical_bias,Component_SE_residual
1,0.1,1,-5.72436116286212e-06,-0.000377064694545902,1.39267140131505
1,0.1,2,-9.37312651938527e-06,-3.42325874133266e-05,0.0927926712965138
1,0.1,3,-4.2657231746901e-05,-0.000662486126307187,0.818958788795265
1,0.1,4,-8.45876813025349e-08,5.2854590767039e-06,-0.595390038089867
1,0.1,5,2.22069622414079e-07,7.32748923318785e-06,-0.90492861271032
1,0.1,6,2.64473651316903e-09,1.68794726884057e-06,-0.927301404309711
1,0.1,7,4.47963843797084e-07,3.44891061858893e-05,-0.863997382844087
1,0.1,8,1.88880050489004e-08,-4.64551079598448e-06,0.686386901570553
1,0.1,9,-0.0013408784830915,-0.0806572422197217,1.23508409479921
1,0.1,10,-0.00132035382236495,0.0215360547254409,-0.380337017454029
1,0.3,1,-5.15192504657591e-05,-0.00116724752268436,1.39452174402607
1,0.3,2,-8.43581386744674e-05,-0.000168361550909438,0.10448348380235
1,0.3,3,-0.000383915085722109,-0.00227848883700523,0.833807829651223
1,0.3,4,-7.61289131722814e-07,1.53153168596409e-05,-0.594204141613223
1,0.3,5,1.99862660172671e-06,2.35333898275127e-05,-0.913726921610662
1,0.3,6,2.38026286185212e-08,5.06931427676769e-06,-0.925414766427073
1,0.3,7,4.03167459417375e-06,0.000107842185233221,-0.87786262535368
1,0.3,8,1.69992045440104e-07,-1.4072263199251e-05,0.698657518430575
1,0.3,9,-0.0120679063478235,-0.250565257396867,1.23756406913818
1,0.3,10,-0.0118831844012846,0.0556573336637776,-0.374586515415191
1,1,1,-0.000572436116286212,-0.00431876399607594,1.40303359448822
1,1,2,-0.000937312651938527,-0.00133576684700848,0.148408566914109
1,1,3,-0.00426572317469009,-0.0110363795131669,0.890747104627665
1,1,4,-8.45876813025349e-06,4.44955912243493e-05,-0.586819439664676
1,1,5,2.22069622414079e-05,9.69172634919245e-05,-0.947451668814994
1,1,6,2.64473651316903e-07,1.69543465726344e-05,-0.918343034387503
1,1,7,4.47963843797083e-05,0.000412104308931574,-0.929682755532545
1,1,8,1.88880050489004e-06,-4.85944511619972e-05,0.742844588667183
1,1,9,-0.13408784830915,-0.93784504054318,1.24842912484314
1,1,10,-0.132035382236495,0.0796953135279533,-0.351826603371722
2,0.1,1,-3.19167838824797e-05,0.000635631658711522,-1.20308718859881
2,0.1,2,-4.40259165124246e-05,-0.000478968368584616,0.945227561371219
2,0.1,3,-0.00020048085040969,0.000276357178092888,-0.293552421428285
2,0.1,4,3.46393880248617e-07,-2.67984959080513e-07,0.065537637960683
2,0.1,5,1.60818752762378e-07,-1.2269144372729e-05,1.17872585820042
2,0.1,6,-4.35455144186492e-09,9.94664440827269e-07,-0.629715630435455
2,0.1,7,2.739680216024e-06,-2.70076181347204e-05,0.355821359127603
2,0.1,8,-8.806357032487e-08,6.63606548601695e-06,-1.07660261403511
2,0.1,9,-0.00281072670134108,0.14952578569409,-1.28967736745188
2,0.1,10,-0.000156228642467227,-0.0782326875496357,0.855059981587414
2,0.3,1,-0.000287251054942317,0.00173092751178952,-1.21260288352853
2,0.3,2,-0.000396233248611821,-0.00172840822567218,0.964158249438979
2,0.3,3,-0.00180432765368721,-0.000263148849520432,-0.315956567712049
2,0.3,4,3.11754492223755e-06,1.49530732666013e-06,0.0576823811649462
2,0.3,5,1.4473687748614e-06,-3.5929339540709e-05,1.18138048577224
2,0.3,6,-3.91909629767843e-08,2.96035935440219e-06,-0.630226139804661
2,0.3,7,2.4657121944216e-05,-6.86359284162184e-05,0.371744511064739
2,0.3,8,-7.9257213292383e-07,1.95027876817584e-05,-1.08339992964028
2,0.3,9,-0.0252965403120697,0.433060377742614,-1.29382803498043
2,0.3,10,-0.00140605778220504,-0.24121796182222,0.875467398967823
2,1,1,-0.00319167838824796,0.0036587043313053,-1.23361278202072
2,1,2,-0.00440259165124246,-0.00921981015592943,1.03952317096329
2,1,3,-0.020048085040969,-0.0138869461977709,-0.375921544116289
2,1,4,3.46393880248617e-05,3.15170602923646e-05,0.0332359124440419
2,1,5,1.60818752762378e-05,-0.000110181194740423,1.19194324318652
2,1,6,-4.35455144186492e-07,9.58509832766499e-06,-0.631414286974626
2,1,7,0.0002739680216024,-7.84784598150527e-05,0.419121121237158
2,1,8,-8.806357032487e-06,6.03645340047896e-05,-1.10766138297281
2,1,9,-0.281072670134108,1.26188821019534,-1.30491385020372
2,1,10,-0.0156228642467227,-0.883050688946718,0.948532914660495
3,0.1,1,-0.00017002568335478,-0.000505303058404747,0.376661022376628
3,0.1,2,-0.000265586335523871,-0.000547983454473227,0.319618176416616
3,0.1,3,-0.00161728726477683,-0.00761133816051178,1.32945545637456
3,0.1,4,3.37548380916358e-07,1.39618199159806e-07,0.0180792527741594
3,0.1,5,-1.20653952109182e-07,-5.1454829766468e-06,0.32415934825235
3,0.1,6,2.38570208726921e-08,-1.96835286932603e-08,0.0255956421829532
3,0.1,7,2.77366781098465e-05,0.000328937888493521,-1.3146150539567
3,0.1,8,-1.30026825417851e-07,-6.78791750398318e-06,1.11420065673943
3,0.1,9,0.000612843534497643,0.0578668605468762,-0.320796069195389
3,0.1,10,-0.0011829645728767,0.100626526415474,-0.851450452292667
3,0.3,1,-0.00153023115019302,-0.00247339974954178,0.352457887208025
3,0.3,2,-0.00239027701971484,-0.00311615875864795,0.273094678794352
3,0.3,3,-0.0145555853829915,-0.0318970474672441,1.27707862278702
3,0.3,4,3.03793542824722e-06,3.13234239237645e-06,-0.00286828155543808
3,0.3,5,-1.08588556898264e-06,-1.55773374052894e-05,0.310517829532844
3,0.3,6,2.14713187854229e-07,8.72249386555132e-09,0.04036496633078
3,0.3,7,0.000249630102988618,0.00112422752276197,-1.2700995670549
3,0.3,8,-1.17024142876065e-06,-2.12747979754336e-05,1.12132392103625
3,0.3,9,0.00551559181047878,0.17401514438773,-0.314282249645755
3,0.3,10,-0.0106466811558903,0.302838403280596,-0.872963075352094
3,1,1,-0.017002568335478,-0.0207623697208576,0.413456952115914
3,1,2,-0.0265586335523871,-0.0294728394473464,0.316775502231085
3,1,3,-0.161728726477683,-0.224303136101815,1.30699695190647
3,1,4,3.37548380916358e-05,4.65567132977644e-05,-0.11394683540013
3,1,5,-1.20653952109182e-05,-4.44198279245922e-05,0.201017624022229
3,1,6,2.38570208726921e-06,8.35371410361808e-07,0.0910708235942489
3,1,7,0.00277366781098465,0.00555928314315525,-1.1777409003358
3,1,8,-1.3002682541785e-05,-8.06393000830021e-05,1.12935743030397
3,1,9,0.0612843534497642,0.529544756318473,-0.259250904584207
3,1,10,-0.11829645728767,1.03785133664122,-0.957949044329048
4,0.1,1,2.91334899760187e-05,-0.000356132131112154,0.638772615810671
4,0.1,2,-2.34489562656037e-05,0.000216157972019268,-0.427014092320913
4,0.1,3,-0.000191218383216452,0.0004135591837321,-0.355686091567582
4,0.1,4,-1.07147360709019e-06,-1.2033774148159e-05,0.821795867397674
4,0.1,5,-1.85780059814561e-06,1.72813471101541e-06,-0.277987125449062
4,0.1,6,-7.1338849067494e-08,-3.13200927725075e-06,1.23434700609568
4,0.1,7,2.08574786331184e-06,-2.52822508029172e-05,0.334366214640772
4,0.1,8,-4.87110574098892e-07,-1.01724519147773e-05,0.880564254336762
4,0.1,9,0.0185405361314395,-0.0718691504014226,0.587059345927674
4,0.1,10,-0.00479338119134809,-0.0258684427217831,0.178642304523157
4,0.3,1,0.000262201409784169,-0.00089800885731866,0.641149922409683
4,0.3,2,-0.000211040606390434,0.000512647081986153,-0.429937087779301
4,0.3,3,-0.00172096544894806,7.87380206702927e-05,-0.352684327488179
4,0.3,4,-9.64326246381174e-06,-4.22268407435149e-05,0.814919469348148
4,0.3,5,-1.67202053833105e-05,-5.87247836761083e-06,-0.280132051865409
4,0.3,6,-6.42049641607446e-07,-9.7832635904662e-06,1.22850870250595
4,0.3,7,1.87717307698065e-05,-6.27734063965541e-05,0.332021748075143
4,0.3,8,-4.38399516689003e-06,-3.3529227598686e-05,0.883140159637762
4,0.3,9,0.166864825182955,-0.104999495501849,0.588166084647646
4,0.3,10,-0.0431404307221328,-0.103684405314036,0.171092334077652
4,1,1,0.00291334899760187,-0.000906862547110733,0.631642404272872
4,1,2,-0.00234489562656037,0.00016121995397109,-0.445720654180998
4,1,3,-0.0191218383216452,-0.0135299728584805,-0.327370235697604
4,1,4,-0.000107147360709019,-0.000211512511397423,0.783240071614142
4,1,5,-0.000185780059814561,-0.000152082820115704,-0.258582305462647
4,1,6,-7.1338849067494e-06,-3.73637793435096e-05,1.21657006516611
4,1,7,0.000208574786331184,-4.8895608434108e-05,0.313886697834971
4,1,8,-4.87110574098892e-05,-0.000147943601998652,0.900321290425062
4,1,9,1.85405361314395,0.978968312277514,0.564328070136317
4,1,10,-0.479338119134809,-0.63553711865991,0.132043522706889
