Suite,Experiment,Condition,Realisations,Treatments,Fits,Valid_fits,Invalid_fits
J09,E01,1,2000,4,8000,8000,0
J09,E01,2,2000,4,8000,8000,0
J09,E01,3,2000,4,8000,8000,0
J09,E01,4,2000,4,8000,8000,0
J09,E01,5,2000,4,8000,8000,0
J09,E01,6,2000,4,8000,8000,0
J09,E01,7,2000,4,8000,8000,0
J09,E01,8,2000,4,8000,8000,0
J09,E01,9,2000,4,8000,8000,0
J09,E01,10,2000,4,8000,8000,0
J09,E01,11,2000,4,8000,8000,0
J09,E01,12,2000,4,8000,8000,0
J10,E02,1,2000,4,8000,8000,0
J10,E02,2,2000,4,8000,8000,0
J10,E02,3,2000,4,8000,8000,0
J10,E02,4,2000,4,8000,8000,0
J10,E02,5,2000,4,8000,8000,0
J10,E02,6,2000,4,8000,8000,0
J10,E02,7,2000,4,8000,8000,0
J10,E02,8,2000,4,8000,8000,0
J10,E02,9,2000,4,8000,8000,0
J10,E02,10,2000,4,8000,7996,4
J10,E02,11,2000,4,8000,8000,0
J10,E02,12,2000,4,8000,8000,0
J10,E02,13,2000,4,8000,8000,0
J10,E02,14,2000,4,8000,8000,0
J10,E02,15,2000,4,8000,7758,242
J10,E02,16,2000,4,8000,8000,0
J10,E02,17,2000,4,8000,8000,0
J10,E02,18,2000,4,8000,8000,0
J10,E02,19,2000,4,8000,8000,0
J10,E02,20,2000,4,8000,7995,5
J11,E03,1,2000,8,16000,16000,0
J11,E03,2,2000,4,8000,8000,0
J12,E04,1,200,4,800,800,0
J12,E04,2,200,4,800,800,0
J12,E04,3,200,4,800,800,0
J12,E04,4,200,4,800,800,0
J12,E04,5,200,4,800,800,0
J12,E04,6,200,4,800,800,0
J12,E04,7,200,4,800,800,0
J12,E04,8,200,4,800,800,0
J12,E04,9,200,4,800,800,0
J12,E04,10,200,4,800,800,0
J12,E04,11,200,4,800,795,5
J12,E04,12,200,4,800,800,0
J12,E04,13,200,4,800,800,0
J12,E04,14,200,4,800,800,0
J12,E04,15,200,4,800,800,0
J12,E04,16,200,4,800,800,0
J12,E04,17,200,4,800,800,0
J12,E04,18,200,4,800,800,0
J12,E04,19,200,4,800,800,0
J12,E04,20,200,4,800,800,0
J12,E04,21,200,4,800,800,0
J12,E04,22,200,4,800,800,0
J12,E04,23,200,4,800,800,0
J12,E04,24,200,4,800,800,0
J12,E04,25,200,4,800,800,0
J12,E04,26,200,4,800,800,0
J12,E04,27,200,4,800,800,0
J12,E04,28,200,4,800,800,0
J12,E04,29,200,4,800,800,0
J12,E04,30,200,4,800,800,0
J12,E04,31,200,4,800,800,0
J12,E04,32,200,4,800,800,0
J12,E04,33,200,4,800,800,0
J12,E04,34,200,4,800,800,0
J12,E04,35,200,4,800,800,0
J12,E04,36,200,4,800,800,0
J12,E04,37,200,4,800,800,0
J12,E04,38,200,4,800,800,0
J12,E04,39,200,4,800,800,0
J12,E04,40,200,4,800,800,0
J12,E04,41,200,4,800,800,0
J12,E04,42,200,4,800,800,0
J12,E04,43,200,4,800,800,0
J12,E04,44,200,4,800,800,0
J12,E04,45,200,4,800,800,0
J12,E04,46,200,4,800,800,0
J12,E04,47,200,4,800,800,0
J12,E04,48,200,4,800,800,0
J12,E04,49,200,4,800,800,0
J12,E04,50,200,4,800,800,0
J12,E04,51,200,4,800,800,0
J12,E04,52,200,4,800,800,0
J12,E04,53,200,4,800,800,0
J12,E04,54,200,4,800,800,0
J12,E04,55,200,4,800,800,0
J12,E04,56,200,4,800,800,0
J12,E04,57,200,4,800,800,0
J12,E04,58,200,4,800,800,0
J12,E04,59,200,4,800,800,0
J12,E04,60,200,4,800,800,0
J12,E04,61,200,4,800,800,0
J12,E04,62,200,4,800,800,0
J12,E04,63,200,4,800,800,0
J12,E04,64,200,4,800,800,0
J12,E04,65,200,4,800,800,0
J12,E04,66,200,4,800,800,0
J12,E04,67,200,4,800,800,0
J12,E04,68,200,4,800,800,0
J12,E04,69,200,4,800,800,0
J12,E04,70,200,4,800,800,0
J12,E04,71,200,4,800,800,0
J12,E04,72,200,4,800,800,0
J12,E04,73,200,4,800,800,0
J12,E04,74,200,4,800,800,0
J12,E04,75,200,4,800,800,0
J12,E04,76,200,4,800,800,0
J12,E04,77,200,4,800,800,0
J12,E04,78,200,4,800,800,0
J12,E04,79,200,4,800,800,0
J12,E04,80,200,4,800,800,0
J13,E05,1,2000,4,8000,8000,0
J13,E05,2,2000,4,8000,8000,0
J13,E05,3,2000,4,8000,8000,0
J13,E05,4,2000,4,8000,8000,0
J13,E05,5,2000,4,8000,8000,0
J13,E05,6,2000,4,8000,8000,0
J14,E06,1,2000,4,8000,8000,0
J14,E06,2,2000,4,8000,8000,0
J14,E06,3,2000,4,8000,8000,0
