Suite,Condition,N,H_max_difference,Estimate_max_difference,Guard_fallbacks
J07,1,3000,0,0,0
J07,2,3000,0,0,0
J07,3,3000,0,0,0
J07,4,3000,0,0,0
J07,5,3000,0,0,0
J07,6,3000,0,0,0
J07,7,3000,0,0,0
J07,8,3000,0,0,0
J07,9,3000,0,0,0
J07,10,3000,0,0,0
J07,11,3000,0,0,0
J07,12,3000,0,0,0
J07,13,3000,0,0,0
J07,14,3000,0,0,0
J07,15,3000,0,0,0
J07,16,3000,0,0,0
J07,17,3000,0,0,0
J07,18,3000,0,0,0
J07,19,3000,0,0,0
J07,20,3000,0,0,0
J07,21,3000,0,0,0
J07,22,3000,0,0,0
J08,1,3000,0,0,0
J08,2,3000,0,0,0
J08,3,3000,0,0,0
J08,4,3000,0,0,0
J08,5,3000,0,0,0
