Suite,Condition,Sweep,Points_per_plane,Plane_STD,Global_STD,Component,N,Empirical_SD,Analytical_limit_SD,Paired_limit_SD,Analytical_first_order_SD,Paired_first_order_SD,Nonlinear_minus_linear_RMS,Nonlinear_linear_correlation,Limit_SD_lower_tail_p,Limit_SD_two_sided_p,Guard_fallbacks
J07,1,points_per_plane,4,0.02,0,position,3000,0.0448604774123804,0.03286335345031,0.0328706141398349,0.0447232609279244,0.044860946786429,0.000154790854952186,0.999995105259501,0.510258871655032,0.979482256689937,0
J07,1,points_per_plane,4,0.02,0,focal,3000,9.62909101752573,6.26099033699941,6.26519923770646,9.56047999724793,9.62913030544479,0.0333471796346123,0.999994971521962,0.524186746135824,0.951626507728353,0
J07,2,points_per_plane,10,0.02,0,position,3000,0.037891959220905,0.03286335345031,0.0332222550120317,0.0380534890280889,0.0378915462852676,7.00022726049834e-05,0.99999848832765,0.803132156729826,0.393735686540347,0
J07,2,points_per_plane,10,0.02,0,focal,3000,7.74810757845119,6.26099033699941,6.35119517572576,7.75120062384603,7.74807242776238,0.015266411306094,0.99999825434032,0.869014168189978,0.261971663620044,0
J07,3,points_per_plane,30,0.02,0,position,3000,0.0354505032140097,0.03286335345031,0.0334008874129172,0.0346798117411792,0.0354481566030598,3.38302509382033e-05,0.999999566371015,0.898302277995315,0.203395444009369,0
J07,3,points_per_plane,30,0.02,0,focal,3000,6.87230904607722,6.26099033699941,6.30460318143034,6.79414235723468,6.87175066962459,0.00740848911253515,0.999999443830657,0.707966524829255,0.584066950341491,0
J07,4,points_per_plane,100,0.02,0,position,3000,0.0336783916479338,0.03286335345031,0.0331256173801537,0.0334186594991644,0.0336780382987492,1.75679595539041e-05,0.99999986709672,0.734289406093141,0.531421187813717,0
J07,4,points_per_plane,100,0.02,0,focal,3000,6.41068731212949,6.26099033699941,6.24961436861161,6.42558255033044,6.41059565578226,0.00383173894875429,0.999999825132452,0.447433019956134,0.894866039912267,0
J07,5,points_per_plane,300,0.02,0,position,3000,0.0331913410357882,0.03286335345031,0.03289599795446,0.0330494921933812,0.0331913107172388,9.78470602856643e-06,0.999999956900113,0.534078012826075,0.93184397434785,0
J07,5,points_per_plane,300,0.02,0,focal,3000,6.32820991823074,6.26099033699941,6.24267886948965,6.31633097906031,6.32821661899164,0.00214037240357043,0.999999943129552,0.413712169986624,0.827424339973247,0
J07,6,points_per_plane,1000,0.02,0,position,3000,0.031921135904593,0.03286335345031,0.0318503579470024,0.0329193055861163,0.0319211578710805,5.2162146665553e-06,0.999999986656674,0.00839841846265599,0.016796836925312,0
J07,6,points_per_plane,1000,0.02,0,focal,3000,6.09335199148677,6.26099033699941,6.07614322071914,6.27764375471491,6.09336282255418,0.00113888376127483,0.999999982545017,0.0110299347351171,0.0220598694702342,0
J07,7,points_per_plane,4,0.1,0,position,3000,0.168580503872872,0.16431676725155,0.164948995864725,0.167093297495822,0.168581612705659,0.000434172273874172,0.9999967341414,0.620349121585168,0.759301756829664,0
J07,7,points_per_plane,4,0.1,0,focal,3000,32.6419394385026,31.3049516849971,31.551021414871,32.1279127516523,32.6434448435229,0.094771045122897,0.999995837183431,0.731239738466636,0.537520523066727,0
J07,8,points_per_plane,10,0.1,0,position,3000,0.167439963174381,0.16431676725155,0.166013848479017,0.165432971402955,0.167431654995881,0.000263336889629047,0.999998770415014,0.790196819441694,0.419606361116612,0
J07,8,points_per_plane,10,0.1,0,focal,3000,32.0166831930765,31.3049516849971,31.6155041393295,31.6367051241294,32.0147172938025,0.0573045117985562,0.999998406696942,0.781013902875846,0.437972194248307,0
J07,9,points_per_plane,30,0.1,0,position,3000,0.160698515955072,0.16431676725155,0.160231502681835,0.164689675882867,0.160707343267657,0.000153138090084354,0.999999548655676,0.0271171467264954,0.0542342934529907,0
J07,9,points_per_plane,30,0.1,0,focal,3000,30.8676508868883,31.3049516849971,30.7176183851335,31.4159254259742,30.8696103766413,0.0335633459144006,0.999999411983041,0.0736692403653578,0.147338480730716,0
J07,10,points_per_plane,100,0.1,0,position,3000,0.162970357012645,0.16431676725155,0.162842463237291,0.164428728641686,0.162974398644534,8.19687302334758e-05,0.999999873829323,0.245946214379106,0.491892428758213,0
J07,10,points_per_plane,100,0.1,0,focal,3000,31.4071105675878,31.3049516849971,31.3710644021377,31.3382850697212,31.4078781749409,0.0178538603433773,0.999999838715383,0.568323282648514,0.863353434702972,0
J07,11,points_per_plane,300,0.1,0,position,3000,0.159995338820839,0.16431676725155,0.159878997610367,0.164354096189418,0.159993225093672,4.71161021161908e-05,0.99999995671298,0.0181934749542941,0.0363869499085881,0
J07,11,points_per_plane,300,0.1,0,focal,3000,30.7019116624842,31.3049516849971,30.6730220339819,31.3160667555336,30.7014598650013,0.0103609415743469,0.99999994314674,0.0593735492380366,0.118747098476073,0
J07,12,points_per_plane,1000,0.1,0,position,3000,0.16252558541132,0.16431676725155,0.16249076831084,0.164327966823277,0.162525433435502,2.56170733112283e-05,0.999999987576956,0.196657115105651,0.393314230211302,0
J07,12,points_per_plane,1000,0.1,0,focal,3000,30.9026583925786,31.3049516849971,30.8943219857361,31.3082866204958,30.9026193669629,0.00557320252927962,0.999999983735153,0.15637006424836,0.312740128496719,0
J07,13,independent_planes,1000,0.02,0,position,3000,0.0364329744408501,0.03590109871423,0.0363524789742559,0.0359444631948558,0.0364330623165954,2.54958649533788e-06,0.999999997556398,0.836529885903736,0.326940228192528,0
J07,13,independent_planes,1000,0.02,0,focal,3000,6.73404241463918,6.59966329107445,6.71132850976532,6.61792645904168,6.73407830823817,0.000845926027167933,0.999999992129108,0.905798186400435,0.18840362719913,0
J07,14,independent_planes,1000,0.02,0,position,3000,0.0323003413192765,0.03286335345031,0.0322246177566415,0.0329193055861163,0.0323002579617615,5.17047831070012e-06,0.999999987261306,0.0666044144864751,0.13320882897295,0
J07,14,independent_planes,1000,0.02,0,focal,3000,6.18123625790245,6.26099033699941,6.16101963263091,6.27764375471491,6.18122063120756,0.00112679118745417,0.999999983457792,0.10910427096429,0.21820854192858,0
J07,15,independent_planes,1000,0.02,0,position,3000,0.0263599650329203,0.0261760421986439,0.0263062453427353,0.0262214548643788,0.0263600049909927,5.43882821081339e-06,0.999999979076721,0.653029802732659,0.693940394534682,0
J07,15,independent_planes,1000,0.02,0,focal,3000,5.12653829413291,5.04057609876168,5.11667640089891,5.05302148578461,5.12654170215093,0.00112420715663442,0.999999976379175,0.879988491876808,0.240023016246385,0
J07,16,independent_planes,1000,0.02,0,position,3000,0.0199603616095247,0.0196289102511337,0.0199237572413056,0.019662869937567,0.0199604609905764,4.39447910646681e-06,0.999999976700901,0.878805296112781,0.242389407774438,0
J07,16,independent_planes,1000,0.02,0,focal,3000,3.85048576232606,3.79628301182649,3.84131810055735,3.80529045639311,3.85050642527709,0.000893193641089489,0.999999974193355,0.822656258374369,0.354687483251262,0
J07,17,relative_depth_spread,1000,0.02,0,position,3000,1.33552904678585,1.34167805378153,1.33236876780465,1.34477944011043,1.33547920889397,0.0094030517622136,0.999975220669581,0.298273184551292,0.596546369102584,0
J07,17,relative_depth_spread,1000,0.02,0,focal,3000,233.756967679269,234.787137637413,233.203388156947,235.330054041285,233.748193680801,1.64568247151706,0.999975224533869,0.303490785983305,0.60698157196661,0
J07,18,relative_depth_spread,1000,0.02,0,position,3000,0.548443306882873,0.536749476012899,0.546168862203075,0.537990732091071,0.548426971607153,0.00150481550860792,0.999996235073397,0.913678849845587,0.172642300308826,0
J07,18,relative_depth_spread,1000,0.02,0,focal,3000,95.9231530512302,93.914855055011,95.5259478497874,94.132509499143,95.9202439431875,0.263335977897711,0.999996231011145,0.908801910491213,0.182396179017574,0
J07,19,relative_depth_spread,1000,0.02,0,position,3000,0.270417311318346,0.268514431641959,0.270271160387367,0.269136308884619,0.270405747836711,0.000386301605319493,0.999998986019393,0.696631371123687,0.606737257752627,0
J07,19,relative_depth_spread,1000,0.02,0,focal,3000,47.3293541977827,46.9574275274969,47.3036032070976,47.0671263027105,47.3272751151023,0.0676989660594135,0.999998983487069,0.71865350466313,0.562692990673741,0
J07,20,relative_depth_spread,1000,0.02,0,position,3000,0.133538116353847,0.134536240470737,0.133289780424593,0.134849649835261,0.13353972457049,9.308976062309e-05,0.999999758056264,0.238843677633031,0.477687355266063,0
J07,20,relative_depth_spread,1000,0.02,0,focal,3000,23.2882254988411,23.4787137637477,23.2485359971346,23.5353088694464,23.2885325718467,0.0164001642972068,0.999999753110189,0.226058728856452,0.452117457712905,0
J07,21,relative_depth_spread,1000,0.02,0,position,3000,0.0685788150017957,0.0678232998312528,0.0683196451361797,0.0679847287815337,0.068578377951137,2.39737341890297e-05,0.999999938905645,0.717246664557709,0.565506670884582,0
J07,21,relative_depth_spread,1000,0.02,0,focal,3000,11.8513015076025,11.7393568818739,11.8052722039593,11.7711667569952,11.8512070385737,0.00429475779887432,0.999999934360891,0.671135418327872,0.657729163344255,0
J07,22,relative_depth_spread,1000,0.02,0,position,3000,0.0456167062442785,0.0458257569495584,0.0454839077019732,0.0459381314200669,0.0456167986504207,1.17035147721295e-05,0.999999967143226,0.284394010011643,0.568788020023285,0
J07,22,relative_depth_spread,1000,0.02,0,focal,3000,7.78529492918902,7.82623792124926,7.76328531886193,7.85139654951764,7.78529987933256,0.00214081438609117,0.999999962256948,0.269216196679273,0.538432393358546,0
J08,1,global_datum_std,1000,0.02,0,position,3000,0.032773194173621,0.03286335345031,0.0327052018668511,0.0329193055861163,0.0327730161521849,5.32183839753215e-06,0.999999986833505,0.35778358376803,0.715567167536061,0
J08,1,global_datum_std,1000,0.02,0,focal,3000,6.25581385863669,6.26099033699941,6.23321417382171,6.27764375471491,6.25578772340314,0.00115306954315628,0.999999983021995,0.368728116423171,0.737456232846343,0
J08,2,global_datum_std,1000,0.02,0.01,position,3000,0.0344331263632017,0.0343511280746354,0.0343369459963908,0.0344046607347335,0.0344331789661828,5.30597789192177e-06,0.99999998818249,0.490678451403408,0.981356902806816,0
J08,2,global_datum_std,1000,0.02,0.01,focal,3000,6.25553797903034,6.26099033699942,6.22638144578806,6.27764375471492,6.2555740039435,0.00116277127059406,0.99999998279882,0.337285703722457,0.674571407444915,0
J08,3,global_datum_std,1000,0.02,0.03,position,3000,0.0459851892722576,0.044497190922574,0.0458978887218818,0.0445385302886401,0.0459850819500939,5.10513666376666e-06,0.999999993841482,0.992532077141336,0.0149358457173281,0
J08,3,global_datum_std,1000,0.02,0.03,focal,3000,6.40257228927292,6.26099033699941,6.36943333592773,6.27764375471491,6.40257907688791,0.00111352944560521,0.999999984877195,0.910875475284784,0.178249049430433,0
J08,4,global_datum_std,1000,0.02,0.06,position,3000,0.0681385417339175,0.0684105255059483,0.0681207097679542,0.0684374216366463,0.0681384546171767,5.13932774819084e-06,0.999999997162882,0.374592178611312,0.749184357222625,0
J08,4,global_datum_std,1000,0.02,0.06,focal,3000,6.19437747520709,6.26099033699941,6.19025916717279,6.27764375471491,6.19435749170193,0.00111562813526782,0.999999983829497,0.192707879129888,0.385415758259776,0
J08,5,global_datum_std,1000,0.02,0.1,position,3000,0.101909293334906,0.105261578935526,0.101889193590358,0.105279060977348,0.101909249895038,5.28626713634473e-06,0.999999998658327,0.00645695406915326,0.0129139081383065,0
J08,5,global_datum_std,1000,0.02,0.1,focal,3000,6.29468298573829,6.26099033699941,6.27494378446953,6.27764375471492,6.29469659491665,0.00114907979802964,0.999999983378312,0.571871689369311,0.856256621261378,0
