Rotation_STD_deg,N_control,Method,Position_scatter_m,Predicted_position_scatter_m,Position_coverage_pct,Full_coverage_pct,Paired_position_RMS_difference_m
0.05,13,GH_LOCAL,0.379231961656009,0.380164053189274,94.85,20.6,6.0865503882918e-05
0.05,13,GH_FULL,0.379233235832537,0.382533703936528,95,94.75,6.0865503882918e-05
0.05,30,GH_LOCAL,0.258189167482786,0.253572343778717,93.7,7.6,0.000105269573144485
0.05,30,GH_FULL,0.258192478565348,0.257110906250475,94.6,94.55,0.000105269573144485
0.05,60,GH_LOCAL,0.158373275756952,0.15209629834572,92.25,2.55,0.000156430409621323
0.05,60,GH_FULL,0.158374575986593,0.157925561177665,94.7,95,0.000156430409621323
0.1,13,GH_LOCAL,0.381915981021233,0.38016362705785,94.1,13.45,0.000268223475841071
0.1,13,GH_FULL,0.381921968521199,0.384907035137668,95.1,94.65,0.000268223475841071
0.1,30,GH_LOCAL,0.261870615573776,0.253572252212045,92.45,4.15,0.000461702944777206
0.1,30,GH_FULL,0.261884590139904,0.260627389649011,94.7,94.85,0.000461702944777206
0.1,60,GH_LOCAL,0.164009092122489,0.152096282598949,87.55,0.7,0.000683649679356641
0.1,60,GH_FULL,0.16401640647734,0.16358856859937,94.35,95.6,0.000683649679356641
