Condition / plane,GH-full RMSE (m),GH-full coverage (%),GH-local coverage (%)
Reference / 10 m,0.071–0.101,95.0–96.1,89.6–91.8
Reference / 20 m,0.016–0.023,94.1–95.4,32.4–40.4
Reference / 40 m,0.130–0.212,95.0–96.0,89.4–92.4
Reference / 60 deg,0.025–0.159,94.4–95.9,39.4–88.6
Reference / 75 deg,0.045–2.443,94.4–96.1,39.5–91.3
Narrow / 10 m,0.236–0.493,93.9–95.5,70.2–82.3
Narrow / 20 m,0.020–0.024,93.5–95.5,33.8–58.1
Narrow / 40 m,0.436–0.991,93.7–96.1,70.4–82.6
Narrow / 60 deg,0.032–0.576,93.6–95.8,54.7–79.6
Narrow / 75 deg,0.057–16.063,90.0–95.8,54.7–77.6
Global 60 / 10 m,0.088–0.101,94.2–95.0,60.2–67.1
Global 60 / 20 m,0.072–0.078,93.7–95.0,1.6–3.5
Global 60 / 40 m,0.115–0.155,94.2–95.2,83.6–88.6
Global 60 / 60 deg,0.101–0.180,93.9–95.1,1.5–48.3
Global 60 / 75 deg,0.155–1.460,94.2–95.2,1.5–91.5
